,CMPLNT_NUM,CMPLNT_FR_DT
0,112536642,01/01/2016
1,885929488,01/01/2016
2,118456560,01/01/2016
3,685479913,01/01/2016
4,570410616,01/01/2016
5,509240632,01/01/2016
6,418016737,01/01/2016
7,404890055,01/01/2016
8,156095250,01/01/2016
9,190783666,01/01/2016
10,621425183,01/01/2016
11,479509422,01/01/2016
12,631892474,01/01/2016
13,885539002,01/01/2016
14,841999126,01/01/2016
15,917205874,01/01/2016
16,960090358,01/02/2016
17,738303838,01/02/2016
18,938580208,01/03/2016
19,924580793,01/03/2016
20,463494291,01/03/2016
21,536607107,01/04/2016
22,368327014,01/04/2016
23,799945233,01/04/2016
24,950172977,01/05/2016
25,594772833,01/05/2016
26,467026499,01/05/2016
27,985965656,01/05/2016
28,352901453,01/05/2016
29,172381055,01/05/2016
30,206808155,01/05/2016
31,100383471,01/06/2016
32,771559023,01/06/2016
33,536673113,01/07/2016
34,188957878,01/07/2016
35,905190931,01/07/2016
36,734448155,01/07/2016
37,134361802,01/07/2016
38,447681872,01/08/2016
39,669213973,01/09/2016
40,461246615,01/10/2016
41,405533267,01/10/2016
42,800653090,01/11/2016
43,249375400,01/11/2016
44,379960286,01/11/2016
45,732416152,01/11/2016
46,330823001,01/11/2016
47,578144811,01/13/2016
48,169600829,01/14/2016
49,715086706,01/15/2016
50,578482550,01/15/2016
51,402293414,01/15/2016
52,497442797,01/15/2016
53,856494574,01/15/2016
54,452227298,01/15/2016
55,888785217,01/16/2016
56,716489483,01/16/2016
57,385958239,01/16/2016
58,763430514,01/16/2016
59,276525863,01/18/2016
60,796273034,01/18/2016
61,983144911,01/19/2016
62,593068194,01/20/2016
63,723228272,01/20/2016
64,438410881,01/21/2016
65,474890429,01/21/2016
66,264005621,01/22/2016
67,200361792,01/22/2016
68,264490690,01/23/2016
69,515778917,01/23/2016
70,209832984,01/23/2016
71,753188104,01/24/2016
72,106920933,01/24/2016
73,157881896,01/25/2016
74,349069262,01/26/2016
75,413019823,01/26/2016
76,917566666,01/27/2016
77,126030262,01/27/2016
78,562329445,01/27/2016
79,999100999,01/29/2016
80,781036599,01/30/2016
81,111231345,01/30/2016
82,171282406,01/30/2016
83,489872706,02/01/2016
84,328297878,02/01/2016
85,663313836,02/01/2016
86,207792971,02/01/2016
87,721478572,02/01/2016
88,248502640,02/01/2016
89,920750239,02/01/2016
90,410348139,02/01/2016
91,817597936,02/02/2016
92,138713230,02/03/2016
93,186755210,02/03/2016
94,848934033,02/04/2016
95,131615245,02/04/2016
96,688568659,02/04/2016
97,497679486,02/10/2016
98,567895120,02/11/2016
99,260063556,02/11/2016
100,867457623,02/11/2016
101,642219708,02/12/2016
102,792636885,02/12/2016
103,119954786,02/13/2016
104,116851376,02/14/2016
105,132070845,02/15/2016
106,555343624,02/15/2016
107,174733345,02/16/2016
108,862741317,02/17/2016
109,604585818,02/17/2016
110,673566999,02/17/2016
111,623051186,02/19/2016
112,888028646,02/20/2016
113,634195122,02/21/2016
114,621095727,02/23/2016
115,713814403,02/24/2016
116,180844282,02/25/2016
117,919420413,02/26/2016
118,154967322,02/29/2016
119,212983298,03/01/2016
120,777263210,03/01/2016
121,861196827,03/01/2016
122,226124831,03/01/2016
123,733032529,03/01/2016
124,881186877,03/01/2016
125,720899639,03/01/2016
126,181622017,03/01/2016
127,940375500,03/03/2016
128,746940886,03/03/2016
129,327234226,03/03/2016
130,725033259,03/06/2016
131,188292894,03/06/2016
132,492663864,03/07/2016
133,996253856,03/07/2016
134,555986855,03/09/2016
135,848972602,03/09/2016
136,342615405,03/09/2016
137,994070998,03/10/2016
138,124260566,03/10/2016
139,997042429,03/10/2016
140,301430996,03/11/2016
141,306836271,03/11/2016
142,899990618,03/12/2016
143,852257839,03/13/2016
144,284900526,03/14/2016
145,754766406,03/14/2016
146,262959617,03/15/2016
147,656840878,03/16/2016
148,580291088,03/16/2016
149,185266029,03/18/2016
150,494632966,03/18/2016
151,775906569,03/19/2016
152,560930048,03/19/2016
153,111111461,03/19/2016
154,145370641,03/19/2016
155,830102328,03/19/2016
156,798657771,03/20/2016
157,143259486,03/21/2016
158,923701855,03/21/2016
159,400040660,03/23/2016
160,728920278,03/24/2016
161,207546089,03/24/2016
162,306435963,03/25/2016
163,435503339,03/26/2016
164,709164602,03/26/2016
165,129170152,03/28/2016
166,863585625,03/30/2016
167,625434533,03/30/2016
168,714207486,04/01/2016
169,374943359,04/01/2016
170,633526497,04/01/2016
171,573340842,04/01/2016
172,111748684,04/01/2016
173,907637817,04/01/2016
174,348646697,04/01/2016
175,657453691,04/01/2016
176,678278686,04/01/2016
177,825256711,04/01/2016
178,302073897,04/01/2016
179,686035037,04/04/2016
180,617914945,04/04/2016
181,937699914,04/05/2016
182,616645680,04/05/2016
183,819771352,04/05/2016
184,413640802,04/06/2016
185,966854375,04/06/2016
186,742126336,04/06/2016
187,911442855,04/09/2016
188,260482871,04/09/2016
189,543907609,04/10/2016
190,104272613,04/10/2016
191,857318248,04/10/2016
192,802129946,04/11/2016
193,258926719,04/12/2016
194,943432264,04/12/2016
195,176139455,04/14/2016
196,842370487,04/14/2016
197,195184284,04/15/2016
198,160536706,04/16/2016
199,300081729,04/16/2016
200,227218822,04/16/2016
201,392470639,04/16/2016
202,919397853,04/17/2016
203,730637901,04/19/2016
204,936799715,04/19/2016
205,380044125,04/19/2016
206,178780638,04/20/2016
207,134584376,04/21/2016
208,236705500,04/21/2016
209,185099992,04/21/2016
210,298200668,04/22/2016
211,284619651,04/23/2016
212,785139294,04/25/2016
213,501773203,04/26/2016
214,113748745,04/28/2016
215,805567908,04/29/2016
216,135486193,04/29/2016
217,579783401,04/29/2016
218,107658265,05/01/2016
219,678193143,05/01/2016
220,805606775,05/01/2016
221,144411130,05/01/2016
222,799343896,05/01/2016
223,123312388,05/01/2016
224,122003509,05/01/2016
225,389299347,05/01/2016
226,943875587,05/01/2016
227,111079578,05/01/2016
228,936829240,05/01/2016
229,129963564,05/01/2016
230,700358183,05/02/2016
231,337898045,05/02/2016
232,203489402,05/04/2016
233,792031521,05/05/2016
234,840602624,05/06/2016
235,832396848,05/06/2016
236,447837601,05/06/2016
237,807547397,05/06/2016
238,628198303,05/06/2016
239,806061573,05/07/2016
240,456520544,05/09/2016
241,298202755,05/10/2016
242,385520344,05/10/2016
243,644247365,05/11/2016
244,521671822,05/11/2016
245,792475326,05/11/2016
246,635300013,05/12/2016
247,280593850,05/12/2016
248,575269682,05/14/2016
249,716607825,05/14/2016
250,764734824,05/15/2016
251,215220468,05/15/2016
252,498939901,05/15/2016
253,934763375,05/15/2016
254,249172618,05/16/2016
255,460592742,05/16/2016
256,519045310,05/18/2016
257,959634222,05/18/2016
258,584900904,05/18/2016
259,259953127,05/21/2016
260,529669232,05/21/2016
261,463770714,05/22/2016
262,327595546,05/22/2016
263,452063356,05/23/2016
264,259585450,05/23/2016
265,717250112,05/23/2016
266,822227915,05/24/2016
267,818744093,05/24/2016
268,788897843,05/25/2016
269,289983990,05/25/2016
270,813961990,05/25/2016
271,818397805,05/25/2016
272,786973329,05/25/2016
273,894495355,05/27/2016
274,144827875,05/28/2016
275,593586472,05/28/2016
276,113621077,05/29/2016
277,820917334,05/29/2016
278,561083373,05/29/2016
279,807545069,05/31/2016
280,515300491,06/01/2016
281,802259740,06/01/2016
282,328263909,06/01/2016
283,303615380,06/01/2016
284,411774152,06/01/2016
285,865350689,06/01/2016
286,652968789,06/01/2016
287,741605878,06/01/2016
288,310004486,06/01/2016
289,269904511,06/01/2016
290,622302953,06/01/2016
291,302648850,06/01/2016
292,597007146,06/01/2016
293,526150059,06/01/2016
294,211011083,06/01/2016
295,486462595,06/01/2016
296,665975643,06/01/2016
297,115039115,06/01/2016
298,564296516,06/01/2016
299,258192641,06/01/2016
300,475699897,06/01/2016
301,122848904,06/01/2016
302,875059753,06/01/2016
303,648541847,06/01/2016
304,497119092,06/01/2016
305,161819679,06/02/2016
306,837979783,06/02/2016
307,231465224,06/02/2016
308,396173855,06/02/2016
309,435822130,06/03/2016
310,417972423,06/04/2016
311,932441087,06/04/2016
312,704084224,06/04/2016
313,153708545,06/04/2016
314,249133834,06/05/2016
315,741837119,06/06/2016
316,702631671,06/06/2016
317,924176889,06/06/2016
318,424988746,06/06/2016
319,477900081,06/06/2016
320,956233152,06/07/2016
321,823504840,06/08/2016
322,942682278,06/08/2016
323,119682262,06/08/2016
324,301371294,06/08/2016
325,869409470,06/09/2016
326,919685851,06/09/2016
327,967676676,06/10/2016
328,451364271,06/11/2016
329,516022576,06/11/2016
330,230950907,06/12/2016
331,199445906,06/13/2016
332,209583225,06/13/2016
333,552758057,06/13/2016
334,880744809,06/14/2016
335,129457282,06/14/2016
336,812094415,06/15/2016
337,901402277,06/15/2016
338,965632345,06/15/2016
339,339009425,06/15/2016
340,811779307,06/15/2016
341,229357081,06/15/2016
342,409769282,06/15/2016
343,254744476,06/16/2016
344,548626126,06/16/2016
345,833328195,06/16/2016
346,538245439,06/16/2016
347,223219849,06/16/2016
348,792669383,06/17/2016
349,979394707,06/17/2016
350,901832992,06/17/2016
351,196096765,06/17/2016
352,300489679,06/17/2016
353,738505444,06/18/2016
354,191569692,06/18/2016
355,475288342,06/18/2016
356,843376105,06/19/2016
357,744447972,06/19/2016
358,189044446,06/19/2016
359,921783151,06/20/2016
360,358907882,06/21/2016
361,612680292,06/21/2016
362,531744172,06/23/2016
363,214581871,06/23/2016
364,841871237,06/24/2016
365,967458777,06/24/2016
366,284003780,06/25/2016
367,352119053,06/25/2016
368,283986586,06/26/2016
369,579533377,06/26/2016
370,742171399,06/26/2016
371,538654198,06/26/2016
372,208758384,06/26/2016
373,986504871,06/28/2016
374,914625732,06/28/2016
375,605693144,06/28/2016
376,692182335,06/28/2016
377,281385030,06/28/2016
378,257770534,06/29/2016
379,105183287,06/29/2016
380,705953578,06/30/2016
381,445603752,06/30/2016
382,454166776,06/30/2016
383,565366511,06/30/2016
384,525521715,06/30/2016
385,294462757,06/30/2016
386,271903389,07/01/2016
387,216054655,07/01/2016
388,811424590,07/01/2016
389,147003090,07/01/2016
390,855015806,07/01/2016
391,659577906,07/01/2016
392,682761947,07/01/2016
393,936951554,07/01/2016
394,505003969,07/01/2016
395,740222029,07/01/2016
396,218442042,07/01/2016
397,115970275,07/01/2016
398,271458726,07/01/2016
399,131582349,07/01/2016
400,874106208,07/01/2016
401,924220839,07/01/2016
402,713961414,07/01/2016
403,317484616,07/01/2016
404,900213967,07/01/2016
405,937148085,07/01/2016
406,317244433,07/01/2016
407,122371593,07/02/2016
408,375737689,07/02/2016
409,524854203,07/02/2016
410,821689292,07/03/2016
411,866887768,07/03/2016
412,143194533,07/04/2016
413,582427196,07/04/2016
414,498853722,07/04/2016
415,164862392,07/05/2016
416,381636038,07/05/2016
417,573565211,07/07/2016
418,758483525,07/07/2016
419,551797553,07/07/2016
420,479698410,07/07/2016
421,512849776,07/07/2016
422,675965250,07/08/2016
423,530544824,07/08/2016
424,922444912,07/09/2016
425,618619273,07/10/2016
426,830542881,07/10/2016
427,619086736,07/11/2016
428,794377786,07/11/2016
429,756518304,07/11/2016
430,467960956,07/11/2016
431,811352970,07/11/2016
432,528033326,07/13/2016
433,870554602,07/14/2016
434,888808804,07/14/2016
435,912282547,07/14/2016
436,307256227,07/14/2016
437,757144865,07/15/2016
438,143376713,07/15/2016
439,182840088,07/15/2016
440,881833711,07/15/2016
441,443202990,07/15/2016
442,368631551,07/15/2016
443,699108301,07/16/2016
444,298680869,07/16/2016
445,884795696,07/16/2016
446,250627637,07/16/2016
447,181075094,07/17/2016
448,161825772,07/18/2016
449,937832130,07/18/2016
450,833037757,07/18/2016
451,803141734,07/19/2016
452,618804124,07/19/2016
453,837513529,07/19/2016
454,660481767,07/19/2016
455,818275387,07/20/2016
456,912792839,07/20/2016
457,782122432,07/20/2016
458,271957321,07/20/2016
459,871675667,07/20/2016
460,888940599,07/20/2016
461,668331938,07/21/2016
462,600976114,07/21/2016
463,676120512,07/21/2016
464,959905842,07/21/2016
465,881918954,07/21/2016
466,815925956,07/21/2016
467,401494202,07/21/2016
468,546917334,07/21/2016
469,199524003,07/22/2016
470,323155318,07/22/2016
471,957176737,07/22/2016
472,132996123,07/23/2016
473,510010350,07/23/2016
474,529952088,07/24/2016
475,658595987,07/25/2016
476,676284340,07/26/2016
477,908560118,07/26/2016
478,826848057,07/26/2016
479,302085290,07/26/2016
480,961072635,07/26/2016
481,407874808,07/26/2016
482,830584973,07/27/2016
483,886090492,07/27/2016
484,190576694,07/27/2016
485,458870501,07/27/2016
486,942301481,07/27/2016
487,534982214,07/28/2016
488,601013477,07/28/2016
489,247689939,07/29/2016
490,667338116,07/29/2016
491,351356785,07/29/2016
492,153386297,07/31/2016
493,834899683,07/31/2016
494,410169793,07/31/2016
495,237214394,07/31/2016
496,919500983,08/01/2016
497,461681787,08/01/2016
498,800744176,08/01/2016
499,906915771,08/01/2016
500,969871045,08/01/2016
501,490682282,08/01/2016
502,518593314,08/01/2016
503,165660301,08/01/2016
504,991420337,08/01/2016
505,665264034,08/01/2016
506,216435774,08/01/2016
507,748036308,08/01/2016
508,122317322,08/01/2016
509,738801222,08/01/2016
510,834520822,08/01/2016
511,505614925,08/01/2016
512,879991421,08/01/2016
513,375885557,08/01/2016
514,364089329,08/01/2016
515,507943398,08/02/2016
516,766796316,08/02/2016
517,303430373,08/03/2016
518,803779872,08/03/2016
519,601667247,08/03/2016
520,707571231,08/03/2016
521,513593612,08/03/2016
522,880323406,08/05/2016
523,822210683,08/05/2016
524,400944324,08/06/2016
525,787032006,08/06/2016
526,457795728,08/06/2016
527,791509646,08/06/2016
528,758646395,08/07/2016
529,566414504,08/07/2016
530,851815164,08/07/2016
531,117096370,08/07/2016
532,288969142,08/07/2016
533,288009609,08/07/2016
534,170658677,08/08/2016
535,925416984,08/08/2016
536,592342085,08/08/2016
537,941692288,08/08/2016
538,660384155,08/09/2016
539,980815793,08/09/2016
540,718541042,08/09/2016
541,787410707,08/09/2016
542,957598235,08/09/2016
543,414092429,08/10/2016
544,651478676,08/10/2016
545,325552044,08/11/2016
546,961311047,08/11/2016
547,212783467,08/11/2016
548,115537154,08/11/2016
549,892560293,08/11/2016
550,491863132,08/11/2016
551,345982764,08/12/2016
552,279586205,08/13/2016
553,240211907,08/14/2016
554,762438054,08/15/2016
555,748419486,08/15/2016
556,420499042,08/15/2016
557,708901730,08/15/2016
558,681617766,08/15/2016
559,234742786,08/15/2016
560,432379485,08/16/2016
561,841331680,08/16/2016
562,559386191,08/17/2016
563,687957796,08/17/2016
564,377319145,08/17/2016
565,563165325,08/17/2016
566,732534166,08/17/2016
567,731645508,08/18/2016
568,988587562,08/18/2016
569,101522798,08/18/2016
570,956892533,08/18/2016
571,648298797,08/19/2016
572,852063798,08/19/2016
573,842329994,08/20/2016
574,980989666,08/20/2016
575,981001596,08/20/2016
576,132850868,08/20/2016
577,798129960,08/20/2016
578,673127013,08/21/2016
579,862142063,08/22/2016
580,927955250,08/23/2016
581,713858795,08/23/2016
582,219669006,08/24/2016
583,756645956,08/24/2016
584,892989801,08/24/2016
585,317765821,08/24/2016
586,193651936,08/24/2016
587,294285687,08/25/2016
588,483338052,08/25/2016
589,719691884,08/25/2016
590,996457715,08/25/2016
591,368705914,08/25/2016
592,131321021,08/25/2016
593,478336256,08/25/2016
594,926203127,08/25/2016
595,253028105,08/25/2016
596,692408753,08/26/2016
597,465445170,08/26/2016
598,411844987,08/26/2016
599,648121346,08/26/2016
600,440436496,08/26/2016
601,331918344,08/27/2016
602,842926924,08/28/2016
603,710162908,08/29/2016
604,467142739,08/29/2016
605,786204506,08/30/2016
606,854726734,08/30/2016
607,209593396,08/30/2016
608,513841367,08/30/2016
609,837769526,08/30/2016
610,959984791,08/30/2016
611,882218345,08/31/2016
612,551071691,09/01/2016
613,688815852,09/01/2016
614,141260957,09/01/2016
615,891114571,09/01/2016
616,994011791,09/01/2016
617,327807498,09/01/2016
618,389813996,09/01/2016
619,376154167,09/01/2016
620,234351726,09/01/2016
621,256677868,09/01/2016
622,282201740,09/01/2016
623,350298266,09/01/2016
624,149814560,09/01/2016
625,980181494,09/01/2016
626,991447493,09/01/2016
627,444383223,09/01/2016
628,724160755,09/01/2016
629,947937766,09/01/2016
630,847639878,09/02/2016
631,980291528,09/02/2016
632,751790510,09/02/2016
633,993017575,09/02/2016
634,836000427,09/02/2016
635,490026458,09/02/2016
636,427042151,09/02/2016
637,419556846,09/02/2016
638,318174088,09/02/2016
639,908139306,09/02/2016
640,788212565,09/03/2016
641,805057380,09/03/2016
642,213716159,09/03/2016
643,798611538,09/03/2016
644,984692834,09/03/2016
645,620220928,09/04/2016
646,695550963,09/04/2016
647,858432579,09/04/2016
648,910580049,09/05/2016
649,263536428,09/05/2016
650,486945827,09/05/2016
651,309173116,09/05/2016
652,614922438,09/06/2016
653,577867129,09/06/2016
654,617547439,09/07/2016
655,607182627,09/07/2016
656,530279009,09/07/2016
657,574327092,09/08/2016
658,207403883,09/08/2016
659,527652132,09/08/2016
660,653759069,09/09/2016
661,210361768,09/09/2016
662,129544345,09/09/2016
663,383539519,09/09/2016
664,284718531,09/09/2016
665,776449679,09/09/2016
666,265359117,09/10/2016
667,294142426,09/10/2016
668,357293208,09/11/2016
669,457817837,09/11/2016
670,294090407,09/12/2016
671,611373583,09/12/2016
672,525287592,09/12/2016
673,727774593,09/12/2016
674,558165489,09/12/2016
675,490161343,09/12/2016
676,153695457,09/13/2016
677,188948997,09/13/2016
678,233001861,09/13/2016
679,114448245,09/14/2016
680,344735444,09/14/2016
681,670269056,09/15/2016
682,615911033,09/15/2016
683,792570753,09/15/2016
684,125186396,09/15/2016
685,674267795,09/15/2016
686,852684451,09/15/2016
687,383547292,09/16/2016
688,895392480,09/16/2016
689,762109565,09/16/2016
690,405719247,09/16/2016
691,838362480,09/16/2016
692,935484566,09/17/2016
693,303991153,09/18/2016
694,526822656,09/19/2016
695,787330723,09/19/2016
696,361538713,09/19/2016
697,423360647,09/19/2016
698,987427188,09/19/2016
699,649390600,09/20/2016
700,900766225,09/20/2016
701,936543754,09/20/2016
702,346790763,09/20/2016
703,807044648,09/20/2016
704,946228463,09/20/2016
705,526913795,09/20/2016
706,160494525,09/20/2016
707,956070739,09/20/2016
708,305728351,09/21/2016
709,482665294,09/21/2016
710,503838856,09/21/2016
711,391935664,09/21/2016
712,418238214,09/21/2016
713,399559776,09/22/2016
714,972714783,09/22/2016
715,448078701,09/22/2016
716,483564618,09/22/2016
717,542351565,09/22/2016
718,124847062,09/23/2016
719,711778835,09/24/2016
720,302483163,09/24/2016
721,604853733,09/24/2016
722,970370612,09/25/2016
723,922153638,09/26/2016
724,139697030,09/26/2016
725,473959700,09/26/2016
726,656340570,09/26/2016
727,760184644,09/27/2016
728,969661334,09/27/2016
729,365355637,09/27/2016
730,445098740,09/27/2016
731,422403372,09/27/2016
732,455449212,09/28/2016
733,934006767,09/28/2016
734,232653152,09/29/2016
735,340324581,09/29/2016
736,527371477,09/29/2016
737,213525023,09/29/2016
738,593731656,09/29/2016
739,912294298,09/30/2016
740,774175943,09/30/2016
741,273777508,09/30/2016
742,185669435,09/30/2016
743,491772349,10/01/2016
744,729443420,10/01/2016
745,231377978,10/01/2016
746,960782762,10/01/2016
747,348579677,10/01/2016
748,692406097,10/01/2016
749,862506051,10/01/2016
750,245895240,10/01/2016
751,887934694,10/01/2016
752,214430555,10/01/2016
753,912621126,10/01/2016
754,568169141,10/01/2016
755,189837323,10/01/2016
756,189341469,10/01/2016
757,387858062,10/01/2016
758,863488828,10/01/2016
759,211978702,10/01/2016
760,378098298,10/01/2016
761,978927896,10/01/2016
762,803812922,10/01/2016
763,269674249,10/01/2016
764,882188708,10/01/2016
765,299360942,10/01/2016
766,517135821,10/01/2016
767,282517479,10/01/2016
768,130476033,10/01/2016
769,727641331,10/01/2016
770,924807819,10/01/2016
771,305387807,10/01/2016
772,262611669,10/02/2016
773,182818973,10/02/2016
774,348199846,10/02/2016
775,425575421,10/02/2016
776,913804331,10/03/2016
777,211541734,10/03/2016
778,375882773,10/03/2016
779,726427108,10/03/2016
780,626442172,10/03/2016
781,213855238,10/03/2016
782,938059909,10/03/2016
783,554218775,10/03/2016
784,164454440,10/04/2016
785,714920802,10/04/2016
786,925548955,10/04/2016
787,301537251,10/04/2016
788,464244149,10/04/2016
789,416996396,10/05/2016
790,420183104,10/05/2016
791,810209239,10/05/2016
792,824659046,10/05/2016
793,940033041,10/05/2016
794,117208548,10/05/2016
795,109561586,10/06/2016
796,826841753,10/06/2016
797,926737159,10/06/2016
798,285463331,10/06/2016
799,273511912,10/07/2016
800,881871893,10/07/2016
801,678334001,10/07/2016
802,235139678,10/07/2016
803,120605648,10/08/2016
804,943303940,10/08/2016
805,355169341,10/09/2016
806,701397387,10/09/2016
807,269559121,10/09/2016
808,833186216,10/09/2016
809,623065078,10/09/2016
810,658254144,10/10/2016
811,525265384,10/10/2016
812,301055083,10/10/2016
813,780871056,10/10/2016
814,281168500,10/10/2016
815,163330371,10/11/2016
816,172893632,10/11/2016
817,708840114,10/11/2016
818,390453294,10/11/2016
819,216365971,10/12/2016
820,645614253,10/12/2016
821,823584830,10/12/2016
822,989624872,10/12/2016
823,512440917,10/12/2016
824,858691357,10/12/2016
825,693530867,10/12/2016
826,531398613,10/13/2016
827,309790842,10/13/2016
828,662015000,10/13/2016
829,156706153,10/13/2016
830,946608938,10/14/2016
831,811485304,10/14/2016
832,904919443,10/14/2016
833,121774205,10/14/2016
834,698916924,10/14/2016
835,271536721,10/14/2016
836,216234931,10/15/2016
837,184514927,10/15/2016
838,962707825,10/15/2016
839,180541638,10/15/2016
840,623596063,10/15/2016
841,947602164,10/15/2016
842,512890682,10/15/2016
843,805808302,10/15/2016
844,163235997,10/15/2016
845,684065947,10/15/2016
846,543609715,10/15/2016
847,177810968,10/15/2016
848,437148822,10/16/2016
849,868229340,10/17/2016
850,700929546,10/17/2016
851,266615513,10/17/2016
852,392588392,10/17/2016
853,460052761,10/17/2016
854,285870193,10/17/2016
855,398676866,10/17/2016
856,511422903,10/18/2016
857,508202219,10/18/2016
858,608167637,10/18/2016
859,759252976,10/18/2016
860,115027203,10/18/2016
861,698753137,10/18/2016
862,764798037,10/18/2016
863,217948143,10/18/2016
864,766747644,10/18/2016
865,542576056,10/19/2016
866,643519746,10/19/2016
867,425797382,10/19/2016
868,997727207,10/19/2016
869,913485532,10/19/2016
870,967781764,10/20/2016
871,731371083,10/20/2016
872,611443946,10/20/2016
873,640211805,10/20/2016
874,598864982,10/20/2016
875,663162546,10/20/2016
876,689830671,10/21/2016
877,124370997,10/21/2016
878,253091227,10/21/2016
879,755522032,10/21/2016
880,420813115,10/21/2016
881,356179397,10/21/2016
882,670956483,10/22/2016
883,498427364,10/23/2016
884,755913656,10/23/2016
885,149028622,10/23/2016
886,520644246,10/24/2016
887,120044086,10/24/2016
888,373040134,10/24/2016
889,272757212,10/24/2016
890,729409393,10/24/2016
891,217748605,10/24/2016
892,228168996,10/24/2016
893,675230444,10/24/2016
894,372705294,10/24/2016
895,525723229,10/24/2016
896,374086043,10/25/2016
897,554843324,10/25/2016
898,360747527,10/25/2016
899,928214764,10/25/2016
900,225826187,10/25/2016
901,810814570,10/25/2016
902,226043598,10/26/2016
903,611260474,10/26/2016
904,726618913,10/26/2016
905,260308034,10/26/2016
906,484615218,10/26/2016
907,452239221,10/26/2016
908,628292581,10/27/2016
909,379877427,10/27/2016
910,923604511,10/27/2016
911,114455795,10/27/2016
912,756655118,10/27/2016
913,599266961,10/27/2016
914,464068422,10/27/2016
915,469038539,10/27/2016
916,819962507,10/27/2016
917,219339318,10/27/2016
918,382633353,10/28/2016
919,446108652,10/28/2016
920,705894560,10/28/2016
921,840571359,10/28/2016
922,200880954,10/28/2016
923,582438454,10/28/2016
924,565863492,10/28/2016
925,787494376,10/28/2016
926,917574975,10/28/2016
927,859620381,10/28/2016
928,714113682,10/29/2016
929,266408200,10/29/2016
930,179856107,10/29/2016
931,626207403,10/29/2016
932,613923549,10/29/2016
933,403580351,10/30/2016
934,819525021,10/30/2016
935,790503719,10/30/2016
936,810739170,10/30/2016
937,948688547,10/30/2016
938,712412444,10/30/2016
939,381852374,10/30/2016
940,358640934,10/30/2016
941,616007557,10/30/2016
942,159787298,10/30/2016
943,447298914,10/31/2016
944,139416705,10/31/2016
945,971494747,10/31/2016
946,224847832,10/31/2016
947,477184918,10/31/2016
948,101840361,10/31/2016
949,553500950,10/31/2016
950,675481121,10/31/2016
951,952140305,10/31/2016
952,398181729,11/01/2016
953,439492249,11/01/2016
954,905171548,11/01/2016
955,183429276,11/01/2016
956,477521409,11/01/2016
957,552200749,11/01/2016
958,555152314,11/01/2016
959,361281968,11/01/2016
960,418377320,11/01/2016
961,160468013,11/01/2016
962,654288148,11/01/2016
963,333836497,11/01/2016
964,164446807,11/01/2016
965,695712356,11/01/2016
966,328831016,11/01/2016
967,224453316,11/01/2016
968,102536862,11/01/2016
969,180888795,11/01/2016
970,423520009,11/01/2016
971,705939521,11/01/2016
972,795306121,11/01/2016
973,722771437,11/01/2016
974,549728593,11/01/2016
975,999412040,11/01/2016
976,337277769,11/01/2016
977,100557095,11/01/2016
978,288803530,11/01/2016
979,692302890,11/01/2016
980,834787017,11/01/2016
981,132518873,11/01/2016
982,410063562,11/01/2016
983,564060005,11/01/2016
984,220774538,11/01/2016
985,271353827,11/01/2016
986,259828818,11/01/2016
987,992341080,11/01/2016
988,123394609,11/01/2016
989,946574784,11/01/2016
990,586539736,11/01/2016
991,990829053,11/02/2016
992,480105463,11/02/2016
993,709615927,11/02/2016
994,905971756,11/02/2016
995,591471314,11/02/2016
996,767338991,11/02/2016
997,852084285,11/02/2016
998,484304045,11/02/2016
999,376881671,11/02/2016
1000,198029887,11/03/2016
1001,889406327,11/03/2016
1002,967264110,11/03/2016
1003,866134494,11/03/2016
1004,654811930,11/03/2016
1005,573966634,11/03/2016
1006,945513073,11/03/2016
1007,889306237,11/04/2016
1008,922179329,11/04/2016
1009,823088583,11/04/2016
1010,592713925,11/04/2016
1011,323410902,11/04/2016
1012,384792463,11/04/2016
1013,614129999,11/04/2016
1014,555203498,11/04/2016
1015,711705798,11/04/2016
1016,532708471,11/04/2016
1017,159766592,11/04/2016
1018,819339428,11/05/2016
1019,774359949,11/05/2016
1020,571402653,11/05/2016
1021,775004089,11/05/2016
1022,265217595,11/05/2016
1023,399744344,11/05/2016
1024,420240927,11/06/2016
1025,969937498,11/06/2016
1026,333493885,11/06/2016
1027,743135652,11/06/2016
1028,163050763,11/07/2016
1029,455809935,11/07/2016
1030,597928285,11/07/2016
1031,295724635,11/07/2016
1032,433877379,11/07/2016
1033,663525337,11/07/2016
1034,879371167,11/07/2016
1035,187507636,11/07/2016
1036,655229197,11/07/2016
1037,868766937,11/07/2016
1038,154810554,11/07/2016
1039,936102110,11/07/2016
1040,132069700,11/07/2016
1041,915080636,11/08/2016
1042,153467222,11/08/2016
1043,908356861,11/08/2016
1044,764720056,11/08/2016
1045,568881166,11/08/2016
1046,541522154,11/08/2016
1047,348719230,11/08/2016
1048,491420708,11/08/2016
1049,686661828,11/08/2016
1050,414514248,11/09/2016
1051,990324252,11/09/2016
1052,239179132,11/09/2016
1053,173563521,11/09/2016
1054,634981278,11/09/2016
1055,694518074,11/09/2016
1056,788463934,11/09/2016
1057,439992384,11/09/2016
1058,146233996,11/10/2016
1059,303607223,11/10/2016
1060,651009189,11/10/2016
1061,511935987,11/10/2016
1062,138720658,11/10/2016
1063,750505885,11/10/2016
1064,829089067,11/10/2016
1065,629700039,11/10/2016
1066,616412996,11/10/2016
1067,127175500,11/10/2016
1068,899478075,11/10/2016
1069,394901192,11/10/2016
1070,331849199,11/10/2016
1071,817078625,11/10/2016
1072,844316438,11/10/2016
1073,488041738,11/10/2016
1074,703615926,11/10/2016
1075,794606232,11/11/2016
1076,261228348,11/11/2016
1077,342967669,11/11/2016
1078,157162407,11/11/2016
1079,246376933,11/12/2016
1080,807174683,11/12/2016
1081,712917734,11/12/2016
1082,165495149,11/12/2016
1083,881712759,11/12/2016
1084,836963428,11/13/2016
1085,342923666,11/13/2016
1086,765779586,11/13/2016
1087,492799314,11/13/2016
1088,102526688,11/13/2016
1089,899848846,11/14/2016
1090,511191991,11/14/2016
1091,664563740,11/14/2016
1092,606857127,11/14/2016
1093,229796640,11/14/2016
1094,403221694,11/14/2016
1095,991902694,11/14/2016
1096,921923988,11/15/2016
1097,102363159,11/15/2016
1098,253623921,11/15/2016
1099,426983926,11/15/2016
1100,883897146,11/15/2016
1101,735252669,11/15/2016
1102,833461164,11/15/2016
1103,880359146,11/15/2016
1104,741254272,11/15/2016
1105,417566879,11/15/2016
1106,803608977,11/15/2016
1107,462165350,11/15/2016
1108,518560667,11/15/2016
1109,101495683,11/15/2016
1110,493112045,11/16/2016
1111,507473528,11/16/2016
1112,708638361,11/16/2016
1113,737047839,11/16/2016
1114,172311394,11/16/2016
1115,903014366,11/16/2016
1116,564298029,11/16/2016
1117,213597619,11/17/2016
1118,555072482,11/17/2016
1119,631560051,11/17/2016
1120,680960818,11/17/2016
1121,664883795,11/18/2016
1122,435196534,11/18/2016
1123,945535580,11/18/2016
1124,210029953,11/18/2016
1125,245596246,11/18/2016
1126,817344218,11/18/2016
1127,203364256,11/18/2016
1128,528657456,11/19/2016
1129,911320346,11/19/2016
1130,846196448,11/19/2016
1131,286687072,11/19/2016
1132,885386574,11/19/2016
1133,479132634,11/20/2016
1134,699296759,11/20/2016
1135,981819598,11/20/2016
1136,961688809,11/20/2016
1137,661452561,11/20/2016
1138,470656837,11/20/2016
1139,801671833,11/21/2016
1140,856262558,11/21/2016
1141,277188161,11/21/2016
1142,189304307,11/21/2016
1143,764963311,11/21/2016
1144,591938821,11/21/2016
1145,386390680,11/21/2016
1146,349542609,11/22/2016
1147,526503013,11/22/2016
1148,799342877,11/22/2016
1149,616390836,11/22/2016
1150,561055823,11/22/2016
1151,125585013,11/22/2016
1152,312491674,11/22/2016
1153,277195459,11/22/2016
1154,509254345,11/22/2016
1155,266250828,11/23/2016
1156,167907731,11/23/2016
1157,272635122,11/23/2016
1158,207312220,11/23/2016
1159,684763564,11/23/2016
1160,374399191,11/23/2016
1161,395512030,11/23/2016
1162,471384747,11/23/2016
1163,748084002,11/23/2016
1164,989870784,11/23/2016
1165,116263476,11/23/2016
1166,336331134,11/24/2016
1167,501016146,11/24/2016
1168,323589611,11/24/2016
1169,143735520,11/24/2016
1170,287963772,11/24/2016
1171,797708079,11/24/2016
1172,632853433,11/24/2016
1173,624814401,11/25/2016
1174,884700293,11/25/2016
1175,786474624,11/25/2016
1176,440953707,11/25/2016
1177,786338240,11/25/2016
1178,966736037,11/25/2016
1179,157603223,11/25/2016
1180,677441283,11/25/2016
1181,495029490,11/25/2016
1182,723522510,11/25/2016
1183,526215775,11/25/2016
1184,282233819,11/25/2016
1185,393352316,11/25/2016
1186,747104215,11/25/2016
1187,639061413,11/25/2016
1188,169209513,11/26/2016
1189,651862150,11/26/2016
1190,925528095,11/26/2016
1191,632400292,11/26/2016
1192,835393332,11/26/2016
1193,863527603,11/27/2016
1194,877122699,11/27/2016
1195,501878759,11/27/2016
1196,878591121,11/27/2016
1197,411882072,11/27/2016
1198,629895157,11/27/2016
1199,768077718,11/27/2016
1200,301064824,11/27/2016
1201,426025723,11/27/2016
1202,222522463,11/28/2016
1203,235895757,11/28/2016
1204,644630450,11/28/2016
1205,347576489,11/28/2016
1206,458411974,11/28/2016
1207,794131429,11/28/2016
1208,931079089,11/28/2016
1209,879541978,11/28/2016
1210,359952564,11/28/2016
1211,545724143,11/28/2016
1212,528767129,11/28/2016
1213,791270958,11/28/2016
1214,690965818,11/28/2016
1215,663733078,11/28/2016
1216,934191855,11/28/2016
1217,528606113,11/28/2016
1218,881997954,11/28/2016
1219,529208514,11/28/2016
1220,557848820,11/28/2016
1221,650488250,11/28/2016
1222,831736889,11/29/2016
1223,425522976,11/29/2016
1224,352109416,11/29/2016
1225,768160445,11/29/2016
1226,522234439,11/29/2016
1227,929316178,11/29/2016
1228,826730081,11/30/2016
1229,196366539,11/30/2016
1230,429498098,11/30/2016
1231,964208265,11/30/2016
1232,429402035,11/30/2016
1233,985760548,11/30/2016
1234,509965311,11/30/2016
1235,121851122,11/30/2016
1236,531890038,11/30/2016
1237,873210073,11/30/2016
1238,491866507,11/30/2016
1239,602729237,11/30/2016
1240,950013187,11/30/2016
1241,271168855,11/30/2016
1242,613853111,11/30/2016
1243,303772461,11/30/2016
1244,413728229,11/30/2016
1245,758548320,12/01/2016
1246,898734043,12/01/2016
1247,971881625,12/01/2016
1248,778372681,12/01/2016
1249,549268897,12/01/2016
1250,686001375,12/01/2016
1251,842983187,12/01/2016
1252,964535815,12/01/2016
1253,546190995,12/01/2016
1254,983372906,12/01/2016
1255,300814822,12/01/2016
1256,231885406,12/01/2016
1257,531343961,12/01/2016
1258,251498079,12/01/2016
1259,932200601,12/01/2016
1260,933167035,12/01/2016
1261,771544693,12/01/2016
1262,688499423,12/01/2016
1263,945345358,12/01/2016
1264,238934060,12/01/2016
1265,742545297,12/01/2016
1266,419453518,12/01/2016
1267,300328591,12/01/2016
1268,235890165,12/01/2016
1269,913485037,12/01/2016
1270,983237688,12/01/2016
1271,680238568,12/01/2016
1272,700538236,12/01/2016
1273,531216185,12/01/2016
1274,741094284,12/01/2016
1275,422777137,12/01/2016
1276,365481607,12/01/2016
1277,673759961,12/01/2016
1278,527909619,12/01/2016
1279,422241915,12/01/2016
1280,574359992,12/01/2016
1281,861721350,12/01/2016
1282,634070106,12/01/2016
1283,675733848,12/01/2016
1284,966762499,12/01/2016
1285,675902737,12/01/2016
1286,564264266,12/01/2016
1287,375628455,12/01/2016
1288,641291747,12/01/2016
1289,460994062,12/01/2016
1290,436150985,12/01/2016
1291,282089938,12/01/2016
1292,427416577,12/01/2016
1293,721566769,12/01/2016
1294,832707021,12/01/2016
1295,631460562,12/02/2016
1296,983087131,12/02/2016
1297,437938605,12/02/2016
1298,655810044,12/02/2016
1299,387039697,12/02/2016
1300,794521272,12/02/2016
1301,978530924,12/02/2016
1302,680678013,12/02/2016
1303,514512858,12/02/2016
1304,458784901,12/02/2016
1305,141160670,12/02/2016
1306,989103122,12/02/2016
1307,891859875,12/02/2016
1308,948266472,12/02/2016
1309,937931769,12/02/2016
1310,621879445,12/02/2016
1311,308830432,12/02/2016
1312,898032715,12/02/2016
1313,141180097,12/03/2016
1314,471340967,12/03/2016
1315,255913200,12/03/2016
1316,190668008,12/03/2016
1317,243156587,12/03/2016
1318,997169231,12/03/2016
1319,119505259,12/03/2016
1320,934072771,12/03/2016
1321,583404468,12/03/2016
1322,133677927,12/03/2016
1323,115874631,12/03/2016
1324,733817659,12/03/2016
1325,368138576,12/03/2016
1326,727259502,12/03/2016
1327,669792187,12/03/2016
1328,212479272,12/03/2016
1329,545627849,12/03/2016
1330,741511530,12/03/2016
1331,909572001,12/03/2016
1332,724486881,12/03/2016
1333,448844068,12/03/2016
1334,241690029,12/03/2016
1335,943214066,12/03/2016
1336,233584234,12/03/2016
1337,264440192,12/03/2016
1338,631403466,12/04/2016
1339,221861813,12/04/2016
1340,538462294,12/04/2016
1341,688987089,12/04/2016
1342,375353335,12/04/2016
1343,850882626,12/04/2016
1344,695251602,12/04/2016
1345,505718185,12/04/2016
1346,762966267,12/05/2016
1347,791084566,12/05/2016
1348,189515422,12/05/2016
1349,110110549,12/05/2016
1350,367891888,12/05/2016
1351,685783603,12/05/2016
1352,506614739,12/05/2016
1353,545491631,12/05/2016
1354,128389561,12/05/2016
1355,939707154,12/05/2016
1356,427991239,12/05/2016
1357,734017485,12/05/2016
1358,470177036,12/05/2016
1359,682448520,12/05/2016
1360,854191373,12/05/2016
1361,713701736,12/05/2016
1362,784631535,12/05/2016
1363,765324109,12/05/2016
1364,802324942,12/06/2016
1365,817600655,12/06/2016
1366,734147728,12/06/2016
1367,789799019,12/06/2016
1368,620404325,12/06/2016
1369,532018154,12/06/2016
1370,951974255,12/06/2016
1371,635228755,12/06/2016
1372,135225305,12/06/2016
1373,653132234,12/06/2016
1374,482099517,12/06/2016
1375,903822268,12/06/2016
1376,680379421,12/06/2016
1377,113175857,12/06/2016
1378,337844982,12/06/2016
1379,864051140,12/06/2016
1380,116205475,12/06/2016
1381,325769408,12/06/2016
1382,662408497,12/06/2016
1383,281069544,12/06/2016
1384,656033227,12/06/2016
1385,428478440,12/06/2016
1386,774779580,12/06/2016
1387,277020144,12/06/2016
1388,755410435,12/07/2016
1389,309172025,12/07/2016
1390,848108170,12/07/2016
1391,145424790,12/07/2016
1392,487775735,12/07/2016
1393,914329678,12/07/2016
1394,149859431,12/07/2016
1395,740903379,12/07/2016
1396,723178679,12/07/2016
1397,947763398,12/07/2016
1398,484023012,12/07/2016
1399,147482482,12/07/2016
1400,314308098,12/07/2016
1401,931263522,12/07/2016
1402,346427058,12/07/2016
1403,702506925,12/07/2016
1404,135338924,12/07/2016
1405,116179278,12/07/2016
1406,263319352,12/08/2016
1407,364253902,12/08/2016
1408,417192138,12/08/2016
1409,280257042,12/08/2016
1410,550584881,12/08/2016
1411,290835519,12/08/2016
1412,928931253,12/08/2016
1413,227684681,12/08/2016
1414,733857624,12/08/2016
1415,577745536,12/08/2016
1416,450722599,12/08/2016
1417,389838015,12/08/2016
1418,901510044,12/08/2016
1419,502453271,12/08/2016
1420,804452817,12/08/2016
1421,985989195,12/08/2016
1422,621592537,12/09/2016
1423,553005081,12/09/2016
1424,754833608,12/09/2016
1425,471211326,12/09/2016
1426,313160450,12/09/2016
1427,552912752,12/09/2016
1428,606934606,12/09/2016
1429,462104269,12/09/2016
1430,940289995,12/09/2016
1431,668830648,12/09/2016
1432,681162500,12/09/2016
1433,176041234,12/09/2016
1434,634259970,12/09/2016
1435,367895421,12/09/2016
1436,257891375,12/09/2016
1437,638347404,12/09/2016
1438,357722469,12/09/2016
1439,767758235,12/09/2016
1440,509598358,12/09/2016
1441,519451413,12/09/2016
1442,483281719,12/09/2016
1443,589438666,12/09/2016
1444,516329445,12/09/2016
1445,282575160,12/09/2016
1446,289002277,12/09/2016
1447,125329304,12/09/2016
1448,668647899,12/09/2016
1449,756543475,12/09/2016
1450,329353541,12/10/2016
1451,589529465,12/10/2016
1452,778153863,12/10/2016
1453,471256684,12/10/2016
1454,838325143,12/10/2016
1455,888734811,12/10/2016
1456,686705471,12/10/2016
1457,247518906,12/10/2016
1458,162643310,12/10/2016
1459,380532297,12/10/2016
1460,694867305,12/10/2016
1461,110908091,12/10/2016
1462,627793161,12/10/2016
1463,738390867,12/10/2016
1464,531434733,12/10/2016
1465,875012307,12/10/2016
1466,223375607,12/10/2016
1467,726015990,12/10/2016
1468,740631685,12/10/2016
1469,911542316,12/10/2016
1470,955426379,12/11/2016
1471,312372458,12/11/2016
1472,713775869,12/11/2016
1473,443691745,12/11/2016
1474,583528696,12/11/2016
1475,118668517,12/11/2016
1476,663290095,12/11/2016
1477,426357949,12/11/2016
1478,561806148,12/11/2016
1479,197440462,12/11/2016
1480,913241153,12/11/2016
1481,662531225,12/11/2016
1482,469387796,12/11/2016
1483,483752724,12/11/2016
1484,409657585,12/11/2016
1485,758335285,12/12/2016
1486,277674953,12/12/2016
1487,473616826,12/12/2016
1488,262641099,12/12/2016
1489,661647677,12/12/2016
1490,942031919,12/12/2016
1491,660370313,12/12/2016
1492,898513768,12/12/2016
1493,977774014,12/12/2016
1494,987129081,12/12/2016
1495,172338862,12/12/2016
1496,506050859,12/12/2016
1497,282985942,12/12/2016
1498,837822805,12/12/2016
1499,501392721,12/12/2016
1500,936234161,12/12/2016
1501,722532624,12/12/2016
1502,689263579,12/12/2016
1503,178730713,12/12/2016
1504,305209558,12/12/2016
1505,534193999,12/12/2016
1506,313695829,12/12/2016
1507,696032541,12/12/2016
1508,157184313,12/12/2016
1509,514047874,12/12/2016
1510,328338992,12/12/2016
1511,908585333,12/12/2016
1512,188344753,12/13/2016
1513,745266263,12/13/2016
1514,191926111,12/13/2016
1515,321890748,12/13/2016
1516,202879426,12/13/2016
1517,666572542,12/13/2016
1518,565950208,12/13/2016
1519,625075530,12/13/2016
1520,621161173,12/13/2016
1521,406953830,12/13/2016
1522,559235603,12/13/2016
1523,535286497,12/13/2016
1524,441098088,12/14/2016
1525,876825944,12/14/2016
1526,591893857,12/14/2016
1527,674278746,12/14/2016
1528,144427681,12/14/2016
1529,758519543,12/14/2016
1530,528236592,12/14/2016
1531,891621852,12/14/2016
1532,781968911,12/14/2016
1533,956364887,12/14/2016
1534,626194315,12/14/2016
1535,926998008,12/14/2016
1536,178952218,12/14/2016
1537,642761368,12/14/2016
1538,531885038,12/14/2016
1539,555258862,12/14/2016
1540,979221962,12/14/2016
1541,396812064,12/14/2016
1542,732866104,12/14/2016
1543,615343810,12/14/2016
1544,551745883,12/15/2016
1545,211223956,12/15/2016
1546,851737102,12/15/2016
1547,973026023,12/15/2016
1548,670629427,12/15/2016
1549,845980526,12/15/2016
1550,405818029,12/15/2016
1551,124642627,12/15/2016
1552,833628376,12/15/2016
1553,699493221,12/15/2016
1554,586959538,12/15/2016
1555,471202898,12/15/2016
1556,703164622,12/15/2016
1557,734790479,12/15/2016
1558,263169401,12/15/2016
1559,957388629,12/15/2016
1560,364979284,12/15/2016
1561,307198626,12/15/2016
1562,849274320,12/15/2016
1563,244406860,12/15/2016
1564,252441100,12/15/2016
1565,449530221,12/15/2016
1566,472855471,12/15/2016
1567,595312958,12/15/2016
1568,490988281,12/15/2016
1569,347348296,12/15/2016
1570,815975998,12/15/2016
1571,523141413,12/15/2016
1572,949120256,12/15/2016
1573,407521790,12/15/2016
1574,184308710,12/15/2016
1575,385313217,12/15/2016
1576,203709782,12/15/2016
1577,230169248,12/15/2016
1578,708690135,12/16/2016
1579,136951983,12/16/2016
1580,125267568,12/16/2016
1581,171888174,12/16/2016
1582,451325565,12/16/2016
1583,257308187,12/16/2016
1584,560023840,12/16/2016
1585,508506826,12/16/2016
1586,967846901,12/16/2016
1587,905174428,12/16/2016
1588,446430302,12/16/2016
1589,429133994,12/16/2016
1590,343059900,12/16/2016
1591,205932863,12/16/2016
1592,479291085,12/16/2016
1593,511683746,12/16/2016
1594,182132822,12/16/2016
1595,672434713,12/16/2016
1596,269369890,12/16/2016
1597,521282464,12/16/2016
1598,940324664,12/16/2016
1599,152649727,12/16/2016
1600,663454767,12/16/2016
1601,290080533,12/17/2016
1602,204662618,12/17/2016
1603,898609170,12/17/2016
1604,500591939,12/17/2016
1605,479077666,12/17/2016
1606,449937278,12/17/2016
1607,835819634,12/17/2016
1608,245732665,12/17/2016
1609,198315003,12/17/2016
1610,446797617,12/17/2016
1611,460225010,12/17/2016
1612,215956822,12/17/2016
1613,710723224,12/17/2016
1614,245618064,12/17/2016
1615,835019526,12/17/2016
1616,920339865,12/17/2016
1617,997315393,12/18/2016
1618,394695154,12/18/2016
1619,331279687,12/18/2016
1620,679935771,12/18/2016
1621,128751649,12/18/2016
1622,116945022,12/18/2016
1623,822201409,12/18/2016
1624,856939746,12/18/2016
1625,309796759,12/18/2016
1626,103001742,12/18/2016
1627,656359745,12/18/2016
1628,457194641,12/18/2016
1629,400588282,12/18/2016
1630,821634152,12/18/2016
1631,999017828,12/18/2016
1632,128906164,12/18/2016
1633,103133679,12/19/2016
1634,500955811,12/19/2016
1635,751698482,12/19/2016
1636,261998370,12/19/2016
1637,791460532,12/19/2016
1638,656930635,12/19/2016
1639,264887595,12/19/2016
1640,338367160,12/19/2016
1641,682487421,12/19/2016
1642,138657035,12/19/2016
1643,224594658,12/19/2016
1644,918962123,12/19/2016
1645,762655794,12/19/2016
1646,939734777,12/19/2016
1647,258281781,12/19/2016
1648,803218253,12/19/2016
1649,789724106,12/19/2016
1650,165684725,12/19/2016
1651,904085680,12/19/2016
1652,861468007,12/19/2016
1653,344472484,12/19/2016
1654,535553151,12/19/2016
1655,571861207,12/19/2016
1656,799328306,12/19/2016
1657,200928264,12/19/2016
1658,597920059,12/19/2016
1659,321681096,12/19/2016
1660,743624173,12/19/2016
1661,997995644,12/19/2016
1662,448423687,12/19/2016
1663,217886375,12/19/2016
1664,876126105,12/19/2016
1665,869394793,12/19/2016
1666,635190555,12/19/2016
1667,951174296,12/19/2016
1668,351873122,12/19/2016
1669,622403411,12/19/2016
1670,215694431,12/20/2016
1671,501020221,12/20/2016
1672,456077571,12/20/2016
1673,715307411,12/20/2016
1674,522971021,12/20/2016
1675,793893841,12/20/2016
1676,831509913,12/20/2016
1677,451341925,12/20/2016
1678,522140532,12/20/2016
1679,769225045,12/20/2016
1680,109616009,12/20/2016
1681,647790952,12/20/2016
1682,366421357,12/20/2016
1683,218018021,12/20/2016
1684,122827005,12/20/2016
1685,317720653,12/20/2016
1686,984375137,12/20/2016
1687,215497002,12/20/2016
1688,125895162,12/20/2016
1689,716066144,12/20/2016
1690,957060850,12/20/2016
1691,822185254,12/20/2016
1692,358798049,12/20/2016
1693,647418190,12/20/2016
1694,387679491,12/20/2016
1695,613181362,12/20/2016
1696,718529319,12/20/2016
1697,666833034,12/20/2016
1698,601967003,12/20/2016
1699,151845683,12/20/2016
1700,221035635,12/20/2016
1701,195210966,12/20/2016
1702,324803807,12/20/2016
1703,742085096,12/20/2016
1704,860294924,12/20/2016
1705,471470731,12/20/2016
1706,178326052,12/20/2016
1707,632639737,12/20/2016
1708,241686112,12/20/2016
1709,459950511,12/21/2016
1710,885709472,12/21/2016
1711,205727273,12/21/2016
1712,474582254,12/21/2016
1713,566941108,12/21/2016
1714,256095803,12/21/2016
1715,124038738,12/21/2016
1716,939478130,12/21/2016
1717,343601486,12/21/2016
1718,581621149,12/21/2016
1719,668456735,12/21/2016
1720,485624076,12/21/2016
1721,320573957,12/21/2016
1722,676200238,12/21/2016
1723,494747976,12/21/2016
1724,953422962,12/21/2016
1725,376597179,12/21/2016
1726,479568088,12/21/2016
1727,973348422,12/21/2016
1728,330779862,12/21/2016
1729,352253664,12/21/2016
1730,780638303,12/21/2016
1731,409152652,12/21/2016
1732,480114761,12/21/2016
1733,424526365,12/21/2016
1734,111771409,12/21/2016
1735,896357546,12/21/2016
1736,189073392,12/21/2016
1737,543409531,12/21/2016
1738,550165225,12/21/2016
1739,776296339,12/21/2016
1740,372193447,12/21/2016
1741,284318758,12/21/2016
1742,866594222,12/21/2016
1743,840966123,12/21/2016
1744,972892523,12/21/2016
1745,541608996,12/21/2016
1746,924486369,12/21/2016
1747,186285796,12/21/2016
1748,482243510,12/21/2016
1749,993333185,12/21/2016
1750,417954593,12/21/2016
1751,233307099,12/21/2016
1752,465053295,12/21/2016
1753,235521271,12/21/2016
1754,905206294,12/22/2016
1755,913255702,12/22/2016
1756,900929170,12/22/2016
1757,769889001,12/22/2016
1758,895116800,12/22/2016
1759,957670369,12/22/2016
1760,184042395,12/22/2016
1761,511427385,12/22/2016
1762,375335091,12/22/2016
1763,641897312,12/22/2016
1764,714549925,12/22/2016
1765,668913570,12/22/2016
1766,338277584,12/22/2016
1767,310044669,12/22/2016
1768,620880160,12/22/2016
1769,469250538,12/22/2016
1770,275916119,12/22/2016
1771,157917791,12/22/2016
1772,754130402,12/22/2016
1773,514578367,12/22/2016
1774,817538548,12/22/2016
1775,981326059,12/22/2016
1776,306429503,12/22/2016
1777,957837430,12/22/2016
1778,521259070,12/22/2016
1779,837735016,12/22/2016
1780,598264643,12/22/2016
1781,299635456,12/22/2016
1782,790700099,12/22/2016
1783,280768089,12/22/2016
1784,701035733,12/22/2016
1785,275500618,12/22/2016
1786,749903821,12/22/2016
1787,144980437,12/22/2016
1788,270292524,12/22/2016
1789,451718903,12/22/2016
1790,888132664,12/22/2016
1791,963573226,12/22/2016
1792,574440008,12/22/2016
1793,760167708,12/22/2016
1794,713361281,12/22/2016
1795,249077583,12/22/2016
1796,592350579,12/22/2016
1797,160119910,12/22/2016
1798,368552106,12/22/2016
1799,563856207,12/23/2016
1800,199898953,12/23/2016
1801,782751298,12/23/2016
1802,431987318,12/23/2016
1803,542898484,12/23/2016
1804,780649592,12/23/2016
1805,336886405,12/23/2016
1806,244390323,12/23/2016
1807,756175656,12/23/2016
1808,138184634,12/23/2016
1809,350175020,12/23/2016
1810,999375612,12/23/2016
1811,932105668,12/23/2016
1812,612631674,12/23/2016
1813,439161497,12/23/2016
1814,317110081,12/23/2016
1815,822302023,12/23/2016
1816,146697431,12/23/2016
1817,313510516,12/23/2016
1818,355507044,12/23/2016
1819,572305911,12/23/2016
1820,812900005,12/23/2016
1821,727960099,12/23/2016
1822,853281387,12/23/2016
1823,961255732,12/23/2016
1824,832194378,12/23/2016
1825,444061697,12/23/2016
1826,349327458,12/23/2016
1827,239999629,12/23/2016
1828,581165059,12/23/2016
1829,661348950,12/23/2016
1830,740737025,12/23/2016
1831,670075758,12/23/2016
1832,438086375,12/23/2016
1833,154475206,12/23/2016
1834,725903033,12/23/2016
1835,964487291,12/23/2016
1836,863382541,12/23/2016
1837,838010286,12/23/2016
1838,595817835,12/23/2016
1839,124066364,12/23/2016
1840,484330631,12/23/2016
1841,803531132,12/23/2016
1842,731854654,12/23/2016
1843,272048956,12/23/2016
1844,936984112,12/23/2016
1845,832932090,12/23/2016
1846,876392890,12/23/2016
1847,930698759,12/23/2016
1848,886615539,12/23/2016
1849,103698209,12/23/2016
1850,989928035,12/23/2016
1851,910983021,12/24/2016
1852,811368271,12/24/2016
1853,804004406,12/24/2016
1854,276240259,12/24/2016
1855,844678972,12/24/2016
1856,795213368,12/24/2016
1857,727820833,12/24/2016
1858,773570919,12/24/2016
1859,502276197,12/24/2016
1860,274701643,12/24/2016
1861,644627729,12/24/2016
1862,335930184,12/24/2016
1863,684552930,12/24/2016
1864,475681768,12/24/2016
1865,558791127,12/24/2016
1866,409772424,12/24/2016
1867,884980841,12/24/2016
1868,333866703,12/24/2016
1869,605480364,12/24/2016
1870,995121199,12/24/2016
1871,590585682,12/24/2016
1872,947142419,12/24/2016
1873,930356603,12/24/2016
1874,917430815,12/24/2016
1875,950079043,12/24/2016
1876,364656565,12/24/2016
1877,581322512,12/24/2016
1878,109044385,12/25/2016
1879,336714890,12/25/2016
1880,215743697,12/25/2016
1881,552721006,12/25/2016
1882,646860326,12/25/2016
1883,493103002,12/25/2016
1884,721652750,12/25/2016
1885,854928083,12/25/2016
1886,372010975,12/25/2016
1887,665134610,12/25/2016
1888,156525197,12/25/2016
1889,317202108,12/25/2016
1890,528592235,12/25/2016
1891,206515934,12/25/2016
1892,732949188,12/25/2016
1893,571669205,12/25/2016
1894,660369621,12/25/2016
1895,886252844,12/25/2016
1896,272409045,12/25/2016
1897,970306372,12/25/2016
1898,521343328,12/25/2016
1899,283280092,12/25/2016
1900,501409808,12/25/2016
1901,618992465,12/26/2016
1902,108576986,12/26/2016
1903,646621660,12/26/2016
1904,301675902,12/26/2016
1905,542925018,12/26/2016
1906,811565583,12/26/2016
1907,154520842,12/26/2016
1908,829482217,12/26/2016
1909,734677717,12/26/2016
1910,393972853,12/26/2016
1911,101612259,12/26/2016
1912,321149276,12/26/2016
1913,591666951,12/26/2016
1914,851854874,12/26/2016
1915,864120472,12/26/2016
1916,376706654,12/26/2016
1917,360547621,12/26/2016
1918,653590527,12/26/2016
1919,401266167,12/26/2016
1920,179148403,12/26/2016
1921,260564763,12/26/2016
1922,508047826,12/26/2016
1923,431548226,12/26/2016
1924,508768431,12/26/2016
1925,995628334,12/27/2016
1926,555038973,12/27/2016
1927,837569822,12/27/2016
1928,516265222,12/27/2016
1929,867049747,12/27/2016
1930,736984493,12/27/2016
1931,497590512,12/27/2016
1932,452014791,12/27/2016
1933,983441860,12/27/2016
1934,370369772,12/27/2016
1935,444612108,12/27/2016
1936,440422657,12/27/2016
1937,383411367,12/27/2016
1938,905619550,12/27/2016
1939,850609826,12/27/2016
1940,634497017,12/27/2016
1941,628207808,12/27/2016
1942,798696943,12/27/2016
1943,451674453,12/27/2016
1944,632659069,12/27/2016
1945,640330928,12/27/2016
1946,904202949,12/27/2016
1947,305641538,12/27/2016
1948,875365379,12/27/2016
1949,228192204,12/27/2016
1950,669818724,12/27/2016
1951,602669983,12/27/2016
1952,446114422,12/27/2016
1953,436301658,12/27/2016
1954,212806865,12/27/2016
1955,421998826,12/27/2016
1956,766730702,12/27/2016
1957,891642204,12/27/2016
1958,540111250,12/27/2016
1959,250805153,12/27/2016
1960,867661278,12/27/2016
1961,954422029,12/27/2016
1962,877372435,12/27/2016
1963,947526354,12/28/2016
1964,458749794,12/28/2016
1965,921077190,12/28/2016
1966,156833589,12/28/2016
1967,894998955,12/28/2016
1968,398597283,12/28/2016
1969,336991677,12/28/2016
1970,266321506,12/28/2016
1971,926283284,12/28/2016
1972,160677404,12/28/2016
1973,531533290,12/28/2016
1974,289653339,12/28/2016
1975,268490190,12/28/2016
1976,628590333,12/28/2016
1977,368863612,12/28/2016
1978,464545994,12/28/2016
1979,765407927,12/28/2016
1980,462613035,12/28/2016
1981,826968763,12/28/2016
1982,218370393,12/28/2016
1983,709244414,12/28/2016
1984,488053125,12/28/2016
1985,654580974,12/28/2016
1986,136212603,12/28/2016
1987,488578831,12/28/2016
1988,145120167,12/28/2016
1989,965529855,12/28/2016
1990,824081045,12/28/2016
1991,982036352,12/28/2016
1992,880856519,12/28/2016
1993,196696112,12/28/2016
1994,661965254,12/28/2016
1995,629354983,12/28/2016
1996,126883010,12/28/2016
1997,340516812,12/28/2016
1998,663573436,12/28/2016
1999,544077074,12/28/2016
2000,329779040,12/28/2016
2001,466667294,12/28/2016
2002,770176188,12/28/2016
2003,244180549,12/28/2016
2004,460687492,12/28/2016
2005,806468990,12/28/2016
2006,717425089,12/28/2016
2007,534106972,12/28/2016
2008,627784675,12/28/2016
2009,593494309,12/28/2016
2010,923417604,12/28/2016
2011,971591108,12/28/2016
2012,836440425,12/28/2016
2013,272959600,12/28/2016
2014,831250921,12/28/2016
2015,724089873,12/28/2016
2016,211044651,12/28/2016
2017,359255534,12/28/2016
2018,300830362,12/28/2016
2019,583695041,12/28/2016
2020,242056475,12/28/2016
2021,714241201,12/28/2016
2022,341754225,12/28/2016
2023,148333194,12/28/2016
2024,554125596,12/28/2016
2025,191133892,12/28/2016
2026,751396285,12/28/2016
2027,552611976,12/28/2016
2028,565885375,12/29/2016
2029,741519813,12/29/2016
2030,923278524,12/29/2016
2031,361855654,12/29/2016
2032,264669434,12/29/2016
2033,766286292,12/29/2016
2034,362171578,12/29/2016
2035,395479440,12/29/2016
2036,121979628,12/29/2016
2037,521388336,12/29/2016
2038,658583730,12/29/2016
2039,846613075,12/29/2016
2040,269517588,12/29/2016
2041,964824974,12/29/2016
2042,652533011,12/29/2016
2043,621104754,12/29/2016
2044,909892973,12/29/2016
2045,732994551,12/29/2016
2046,608337125,12/29/2016
2047,245280807,12/29/2016
2048,840115278,12/29/2016
2049,578147912,12/29/2016
2050,255497623,12/29/2016
2051,129185235,12/29/2016
2052,524051981,12/29/2016
2053,898208621,12/29/2016
2054,761229807,12/29/2016
2055,297818966,12/29/2016
2056,706411102,12/29/2016
2057,593542129,12/29/2016
2058,628128440,12/29/2016
2059,209517619,12/29/2016
2060,178045131,12/29/2016
2061,211223886,12/29/2016
2062,485819943,12/29/2016
2063,982162456,12/29/2016
2064,118053241,12/29/2016
2065,195773238,12/29/2016
2066,433411893,12/29/2016
2067,605874728,12/29/2016
2068,265602566,12/29/2016
2069,287870827,12/29/2016
2070,745198747,12/29/2016
2071,330538453,12/29/2016
2072,972864802,12/29/2016
2073,713942926,12/29/2016
2074,418529338,12/29/2016
2075,166820877,12/29/2016
2076,366544725,12/29/2016
2077,102933091,12/29/2016
2078,308764761,12/29/2016
2079,162969866,12/29/2016
2080,255653095,12/29/2016
2081,541634684,12/29/2016
2082,691173904,12/29/2016
2083,376969658,12/29/2016
2084,551971471,12/30/2016
2085,963944174,12/30/2016
2086,875305868,12/30/2016
2087,745973874,12/30/2016
2088,588704711,12/30/2016
2089,511464261,12/30/2016
2090,950642233,12/30/2016
2091,527765205,12/30/2016
2092,186669802,12/30/2016
2093,702733862,12/30/2016
2094,209474673,12/30/2016
2095,252620209,12/30/2016
2096,850991407,12/30/2016
2097,726679548,12/30/2016
2098,663918437,12/30/2016
2099,817194219,12/30/2016
2100,186510712,12/30/2016
2101,627303854,12/30/2016
2102,515588872,12/30/2016
2103,136104453,12/30/2016
2104,975494692,12/30/2016
2105,357879419,12/30/2016
2106,308462622,12/30/2016
2107,744054411,12/30/2016
2108,188173612,12/30/2016
2109,708774194,12/30/2016
2110,831001646,12/30/2016
2111,678711506,12/30/2016
2112,537490121,12/30/2016
2113,500452665,12/30/2016
2114,426263894,12/30/2016
2115,443547262,12/30/2016
2116,283419245,12/30/2016
2117,588454011,12/30/2016
2118,838405429,12/30/2016
2119,728412904,12/30/2016
2120,916576711,12/30/2016
2121,759382373,12/30/2016
2122,698137418,12/30/2016
2123,560661219,12/30/2016
2124,517406166,12/30/2016
2125,364525282,12/30/2016
2126,455964748,12/30/2016
2127,459393773,12/30/2016
2128,614189389,12/30/2016
2129,797579197,12/30/2016
2130,806857230,12/30/2016
2131,434717662,12/30/2016
2132,810820706,12/30/2016
2133,864708546,12/30/2016
2134,538923312,12/30/2016
2135,446735773,12/30/2016
2136,723353016,12/30/2016
2137,333047539,12/30/2016
2138,859760963,12/30/2016
2139,432304430,12/30/2016
2140,909277986,12/30/2016
2141,539904550,12/30/2016
2142,465599319,12/30/2016
2143,245626043,12/30/2016
2144,107993435,12/30/2016
2145,728632985,12/31/2016
2146,860616185,12/31/2016
2147,850207100,12/31/2016
2148,831706523,12/31/2016
2149,689346503,12/31/2016
2150,985091336,12/31/2016
2151,474454964,12/31/2016
2152,209821031,12/31/2016
2153,415523407,12/31/2016
2154,206604571,12/31/2016
2155,611565084,12/31/2016
2156,177163720,12/31/2016
2157,327662679,12/31/2016
2158,889856416,12/31/2016
2159,817827621,12/31/2016
2160,518339782,12/31/2016
2161,968732409,12/31/2016
2162,236491166,12/31/2016
2163,634327271,12/31/2016
2164,879366905,12/31/2016
2165,327369775,12/31/2016
2166,924009458,12/31/2016
2167,408097810,12/31/2016
2168,602869759,12/31/2016
2169,919275331,12/31/2016
2170,754731932,12/31/2016
2171,350975746,12/31/2016
2172,729882257,12/31/2016
2173,539563406,12/31/2016
2174,107747555,12/31/2016
2175,723767859,12/31/2016
2176,433346253,12/31/2016
2177,728205616,12/31/2016
2178,720178460,12/31/2016
2179,788058442,12/31/2016
2180,183487817,12/31/2016
2181,549906725,12/31/2016
2182,596602474,12/31/2016
2183,537186145,12/31/2016
2184,443242213,12/31/2016
2185,227945888,12/31/2016
2186,962007119,12/31/2016
2187,808557617,12/31/2016
2188,734757260,12/31/2016
2189,413193667,12/31/2016
2190,198306685,12/31/2016
2191,134236087,12/31/2016
2192,957718962,12/31/2016
2193,157486290,12/31/2016
2194,796530727,12/31/2016
2195,309494708,12/31/2016
2196,841907779,12/31/2016
2197,140990083,12/31/2016
2198,605406513,12/31/2016
2199,632614567,12/31/2016
2200,190384418,12/31/2016
2201,225383886,12/31/2016
2202,393967287,12/31/2016
2203,805018845,12/31/2016
2204,408255176,12/31/2016
2205,348609145,12/31/2016
2206,406597378,12/31/2016
2207,632514884,12/31/2016
2208,141307273,12/31/2016
2209,553315990,12/31/2016
2210,139501248,12/31/2016
2211,707053081,12/31/2016
2212,208324689,12/31/2016
2213,842468438,12/31/2016
2214,322904633,12/31/2016
2215,910413597,12/31/2016
2216,597931838,12/31/2016
2217,871176866,12/31/2016
2218,940582174,12/31/2016
2219,469439283,12/31/2016
2220,907805127,12/31/2016
2221,208501402,12/31/2016
2222,212245645,12/31/2016
2223,378454663,12/31/2016
2224,349168122,12/31/2016
2225,238965894,12/31/2016
2226,604840111,12/31/2016
2227,639524772,12/31/2016
2228,122200893,12/31/2016
2229,280800580,12/31/2016
2230,880639719,12/31/2016
2231,666729528,12/31/2016
2232,867474180,12/31/2016
2233,595771846,12/31/2016
2234,148726168,12/31/2016
2235,937833565,12/31/2016
2236,696305646,12/31/2016
2237,996888528,12/31/2016
2238,807146702,12/31/2016
2239,883534669,12/31/2016
2240,807080932,12/31/2016
2241,467334731,12/31/2016
2242,129754679,12/31/2016
2243,327423596,12/31/2016
2244,223248787,12/31/2016
2245,373446084,12/31/2016
2246,888824321,12/31/2016
2247,114283783,12/31/2016
2248,990940783,12/31/2016
2249,348531261,12/31/2016
2250,828123097,12/31/2016
2251,833236205,12/31/2016
2252,560131655,12/31/2016
2253,662360857,12/31/2016
2254,278236812,12/31/2016
